Timestamp,Temperature (°C),Bitcoin Price (USD)
2026-09-24T23:29:20+0530,26.2,84057.0
2026-09-25T02:46:36+0530,25.5,84326.0
2026-09-25T05:23:42+0530,24.0,84390.0
2026-09-25T08:09:44+0530,24.6,84509.0
2026-09-25T13:40:10+0530,30.5,84074.0
2026-09-25T19:12:41+0530,26.5,84116.0
2026-09-25T23:35:17+0530,23.5,83804.0
2026-09-26T02:59:47+0530,24.0,83727.0
2026-09-26T05:31:54+0530,23.0,84074.0
2026-09-26T10:18:12+0530,28.1,83962.0
2026-09-26T15:03:25+0530,32.0,83988.0
2026-09-26T19:21:49+0530,27.9,83939.0
2026-09-26T22:59:59+0530,24.0,84054.0
2026-09-27T01:34:33+0530,23.8,84002.0
2026-09-27T04:11:50+0530,23.6,84257.0
2026-09-27T06:25:17+0530,22.9,84296.0
2026-09-27T11:31:15+0530,27.0,84471.0
2026-09-27T17:25:33+0530,25.1,84872.0
2026-09-27T21:36:44+0530,22.8,84508.0
2026-09-28T01:13:44+0530,22.4,84761.0
2026-09-28T04:05:22+0530,22.4,84376.0
2026-09-28T06:38:00+0530,21.8,84016.0
2026-09-28T12:16:47+0530,25.9,83188.0
2026-09-28T20:02:34+0530,22.8,83180.0
2026-09-29T02:14:05+0530,21.1,83540.0
2026-09-29T06:05:16+0530,20.4,83503.0
2026-09-29T11:37:32+0530,27.6,83503.0
2026-09-29T18:14:07+0530,27.0,
2026-09-29T23:47:31+0530,23.6,
2026-09-30T03:51:10+0530,22.6,
2026-09-30T06:52:35+0530,22.0,
2026-09-30T12:28:00+0530,29.7,83133.0
2026-09-30T18:50:18+0530,26.4,85392.0
2026-09-30T23:59:27+0530,24.3,83877.0
2026-10-01T03:58:56+0530,23.8,83765.0
2026-10-01T06:55:24+0530,23.0,83621.0
2026-10-01T12:53:30+0530,31.3,83624.0
2026-10-01T20:08:06+0530,26.2,84159.0
